{
  "utt_id": "LA_E_8921592",
  "wav_path": "/Users/seecsy/main/data/LA/ASVspoof2019_LA_eval/flac/LA_E_8921592.flac",
  "label": 0,
  "p_fake": 1.3746198419539724e-05,
  "top_time_frames": [
    0,
    1,
    2,
    164,
    165,
    163,
    169,
    167,
    166,
    168
  ],
  "top_time_seconds": [
    0.0,
    0.01,
    0.02,
    1.64,
    1.65,
    1.63,
    1.69,
    1.67,
    1.66,
    1.68
  ],
  "time_entropy": 5.837631135203987,
  "time_concentration": 0.2505427856693993,
  "top_mel_bins": [
    23,
    22,
    7,
    18,
    46,
    27,
    19,
    26,
    45,
    2
  ],
  "freq_entropy": 4.347910423371774
}